node1,node2
HP_Lahaul and Spiti,LA_Leh
HP_Lahaul and Spiti,HP_Kinnaur
HP_Lahaul and Spiti,HP_Chamba
HP_Lahaul and Spiti,HP_Kangra
HP_Lahaul and Spiti,JK_Kishtwar
HP_Lahaul and Spiti,LA_Kargil
HP_Lahaul and Spiti,HP_Kullu
HP_Kinnaur,HP_Kullu
HP_Kinnaur,UT_Uttarkashi
HP_Kinnaur,HP_Shimla
HP_Kullu,HP_Shimla
HP_Kullu,HP_Kangra
HP_Kullu,HP_Mandi
HP_Chamba,HP_Kangra
HP_Chamba,JK_Kishtwar
HP_Chamba,PB_Pathankot
HP_Chamba,JK_Doda
HP_Chamba,JK_Kathua
HP_Kangra,PB_Hoshiarpur
HP_Kangra,HP_Una
HP_Kangra,PB_Gurdaspur
HP_Kangra,PB_Pathankot
HP_Kangra,HP_Mandi
HP_Kangra,HP_Hamirpur
LA_Leh,LA_Kargil
LA_Kargil,JK_Anantnag
LA_Kargil,JK_Kishtwar
LA_Kargil,JK_Ganderbal
LA_Kargil,JK_Bandipora
JK_Kishtwar,JK_Anantnag
JK_Kishtwar,JK_Doda
HP_Shimla,UT_Uttarkashi
HP_Shimla,HP_Sirmaur
HP_Shimla,UT_Dehradun
HP_Shimla,HP_Solan
HP_Shimla,HP_Mandi
UT_Uttarkashi,UT_Tehri Garhwal
UT_Uttarkashi,UT_Chamoli
UT_Uttarkashi,UT_Dehradun
UT_Uttarkashi,UT_Rudraprayag
HP_Mandi,HP_Solan
HP_Mandi,HP_Bilaspur
HP_Mandi,HP_Hamirpur
JK_Kathua,JK_Udhampur
JK_Kathua,JK_Samba
JK_Kathua,JK_Doda
JK_Kathua,PB_Pathankot
PB_Pathankot,PB_Gurdaspur
JK_Doda,JK_Anantnag
JK_Doda,JK_Udhampur
JK_Doda,JK_Ramban
HP_Una,PB_Rupnagar
HP_Una,PB_Hoshiarpur
HP_Una,HP_Bilaspur
HP_Una,HP_Hamirpur
HP_Hamirpur,HP_Bilaspur
PB_Gurdaspur,PB_Kapurthala
PB_Gurdaspur,PB_Amritsar
PB_Gurdaspur,PB_Hoshiarpur
PB_Hoshiarpur,PB_Kapurthala
PB_Hoshiarpur,PB_Rupnagar
PB_Hoshiarpur,PB_Jalandhar
PB_Hoshiarpur,PB_Shahid Bhagat Singh Nagar
HP_Bilaspur,PB_Rupnagar
HP_Bilaspur,HP_Solan
PB_Rupnagar,PB_Ludhiana
PB_Rupnagar,HP_Solan
PB_Rupnagar,PB_Shahid Bhagat Singh Nagar
PB_Rupnagar,PB_Fatehgarh Sahib
HP_Solan,HP_Sirmaur
HP_Solan,HR_Panchkula
HP_Sirmaur,HR_Ambala
HP_Sirmaur,HR_Panchkula
HP_Sirmaur,UT_Dehradun
HP_Sirmaur,UP_Saharanpur
HP_Sirmaur,HR_Yamunanagar
HR_Panchkula,HR_Ambala
HR_Panchkula,CH_Chandigarh
UT_Dehradun,UT_Haridwar
UT_Dehradun,UT_Tehri Garhwal
UT_Dehradun,UP_Saharanpur
UT_Dehradun,UT_Pauri Garhwal
HR_Ambala,PB_Patiala
HR_Ambala,HR_Yamunanagar
HR_Ambala,HR_Kurukshetra
UP_Saharanpur,UT_Haridwar
UP_Saharanpur,HR_Karnal
UP_Saharanpur,UP_Muzaffarnagar
UP_Saharanpur,UP_Shamli
UP_Saharanpur,HR_Yamunanagar
HR_Yamunanagar,HR_Karnal
HR_Yamunanagar,HR_Kurukshetra
UT_Chamoli,UT_Bageshwar
UT_Chamoli,UT_Almora
UT_Chamoli,UT_Pauri Garhwal
UT_Chamoli,UT_Pithoragarh
UT_Chamoli,UT_Rudraprayag
UT_Rudraprayag,UT_Pauri Garhwal
UT_Rudraprayag,UT_Tehri Garhwal
UT_Tehri Garhwal,UT_Pauri Garhwal
UT_Pithoragarh,UT_Bageshwar
UT_Pithoragarh,UT_Almora
UT_Pithoragarh,UT_Champawat
UT_Bageshwar,UT_Almora
UT_Almora,UT_Nainital
UT_Almora,UT_Champawat
UT_Almora,UT_Pauri Garhwal
UT_Pauri Garhwal,UT_Haridwar
UT_Pauri Garhwal,UT_Nainital
UT_Pauri Garhwal,UP_Bijnor
UT_Champawat,UT_Udham Singh Nagar
UT_Champawat,UT_Nainital
UT_Nainital,UP_Bijnor
UT_Nainital,UT_Udham Singh Nagar
UT_Udham Singh Nagar,UP_Bijnor
UT_Udham Singh Nagar,UP_Pilibhit
UT_Udham Singh Nagar,UP_Rampur
UT_Udham Singh Nagar,UP_Bareilly
UT_Udham Singh Nagar,UP_Moradabad
UP_Bijnor,UT_Haridwar
UP_Bijnor,UP_Muzaffarnagar
UP_Bijnor,UP_Moradabad
UP_Bijnor,UP_Meerut
UP_Bijnor,UP_Amroha
UP_Bareilly,UP_Pilibhit
UP_Bareilly,UP_Rampur
UP_Bareilly,UP_Shahjahanpur
UP_Bareilly,UP_Budaun
UP_Moradabad,UP_Sambhal
UP_Moradabad,UP_Rampur
UP_Moradabad,UP_Budaun
UP_Moradabad,UP_Amroha
UP_Rampur,UP_Budaun
UP_Pilibhit,UP_Shahjahanpur
UP_Pilibhit,UP_Lakhimpur Kheri
UT_Haridwar,UP_Muzaffarnagar
UP_Muzaffarnagar,UP_Shamli
UP_Muzaffarnagar,UP_Meerut
UP_Muzaffarnagar,UP_Baghpat
TN_Nilgiris,TN_Coimbatore
TN_Nilgiris,KL_Malappuram
TN_Nilgiris,KL_Wayanad
TN_Nilgiris,KA_Chamarajanagara
TN_Nilgiris,TN_Erode
TN_Nilgiris,KL_Palakkad
TN_Coimbatore,KL_Thrissur
TN_Coimbatore,KL_Ernakulam
TN_Coimbatore,KL_Idukki
TN_Coimbatore,TN_Tiruppur
TN_Coimbatore,TN_Erode
TN_Coimbatore,KL_Palakkad
TN_Erode,TN_Karur
TN_Erode,KA_Chamarajanagara
TN_Erode,TN_Tiruppur
TN_Erode,TN_Namakkal
TN_Erode,TN_Salem
TN_Erode,TN_Salem
TN_Erode,TN_Dharmapuri
KL_Malappuram,KL_Thrissur
KL_Malappuram,KL_Wayanad
KL_Malappuram,KL_Kozhikode
KL_Malappuram,KL_Palakkad
KL_Wayanad,KA_Kodagu
KL_Wayanad,KA_Mysuru
KL_Wayanad,KL_Kannur
KL_Wayanad,KA_Chamarajanagara
KL_Wayanad,KL_Kozhikode
KA_Chamarajanagara,KA_Mysuru
KA_Chamarajanagara,TN_Krishnagiri
KA_Chamarajanagara,KA_Ramanagara
KA_Chamarajanagara,KA_Mandya
KA_Chamarajanagara,TN_Salem
KA_Chamarajanagara,TN_Salem
KA_Chamarajanagara,TN_Dharmapuri
WB_Jalpaiguri,WB_Darjeeling
WB_Jalpaiguri,WB_Kalimpong
WB_Jalpaiguri,WB_Alipurduar
WB_Jalpaiguri,WB_Cooch Behar
WB_Darjeeling,WB_Uttar Dinajpur
WB_Darjeeling,WB_Kalimpong
WB_Darjeeling,BR_Kishanganj
WB_Darjeeling,SK_Sikkim
WB_Alipurduar,WB_Cooch Behar
WB_Kalimpong,SK_Sikkim
BR_Madhubani,BR_Saharsa
BR_Madhubani,BR_Sitamarhi
BR_Madhubani,BR_Supaul
BR_Madhubani,BR_Darbhanga
BR_Saharsa,BR_Khagaria
BR_Saharsa,BR_Supaul
BR_Saharsa,BR_Darbhanga
BR_Saharsa,BR_Samastipur
BR_Saharsa,BR_Madhepura
BR_Darbhanga,BR_Muzaffarpur
BR_Darbhanga,BR_Samastipur
BR_Darbhanga,BR_Sitamarhi
BR_Supaul,BR_Madhepura
BR_Supaul,BR_Araria
BR_Sitamarhi,BR_Sheohar
BR_Sitamarhi,BR_Muzaffarpur
BR_Sitamarhi,BR_East Champaran
BR_Madhepura,BR_Khagaria
BR_Madhepura,BR_Bhagalpur
BR_Madhepura,BR_Purnia
BR_Madhepura,BR_Araria
BR_Khagaria,BR_Munger
BR_Khagaria,BR_Begusarai
BR_Khagaria,BR_Samastipur
BR_Khagaria,BR_Bhagalpur
BR_Samastipur,BR_Muzaffarpur
BR_Samastipur,BR_Vaishali
BR_Samastipur,BR_Begusarai
BR_Samastipur,BR_Patna
BR_Muzaffarpur,BR_Sheohar
BR_Muzaffarpur,BR_Gopalganj
BR_Muzaffarpur,BR_Vaishali
BR_Muzaffarpur,BR_East Champaran
BR_Muzaffarpur,BR_Saran
BR_Araria,BR_Purnia
BR_Araria,BR_Kishanganj
BR_East Champaran,BR_West Champaran
BR_East Champaran,BR_Gopalganj
BR_East Champaran,BR_Sheohar
BR_Gopalganj,BR_Saran
BR_Gopalganj,BR_Siwan
BR_Gopalganj,BR_West Champaran
BR_Gopalganj,UP_Kushinagar
BR_Gopalganj,UP_Deoria
JK_Anantnag,JK_Ramban
JK_Anantnag,JK_Ganderbal
JK_Anantnag,JK_Shopiyan
JK_Anantnag,JK_Pulwama
JK_Anantnag,JK_Kulgam
JK_Anantnag,JK_Srinagar
JK_Bandipora,JK_Kupwara
JK_Bandipora,JK_Baramulla
JK_Bandipora,JK_Ganderbal
JK_Bandipora,JK_Srinagar
JK_Ganderbal,JK_Srinagar
WB_Dakshin Dinajpur,WB_Malda
WB_Dakshin Dinajpur,WB_Uttar Dinajpur
WB_Uttar Dinajpur,WB_Malda
WB_Uttar Dinajpur,BR_Katihar
WB_Uttar Dinajpur,BR_Purnia
WB_Uttar Dinajpur,BR_Kishanganj
WB_Malda,WB_Murshidabad
WB_Malda,BR_Katihar
WB_Malda,JH_Sahibganj
BR_Kishanganj,BR_Purnia
BR_Purnia,BR_Katihar
BR_Purnia,BR_Bhagalpur
BR_Katihar,BR_Bhagalpur
BR_Katihar,JH_Sahibganj
AS_Udalguri,AR_West Kameng
ML_Ribhoi,ML_East Khasi Hills
ML_Ribhoi,ML_West Khasi Hills
ML_Ribhoi,ML_West Jaintia Hills
ML_West Khasi Hills,ML_North Garo Hills
ML_West Khasi Hills,ML_South West Khasi Hills
ML_West Khasi Hills,ML_South Garo Hills
ML_West Khasi Hills,ML_East Khasi Hills
ML_West Khasi Hills,ML_East Garo Hills
ML_North Garo Hills,ML_West Garo Hills
ML_North Garo Hills,ML_East Garo Hills
WB_Murshidabad,WB_Purba Bardhaman
WB_Murshidabad,JH_Pakur
WB_Murshidabad,JH_Sahibganj
WB_Murshidabad,WB_Nadia
JH_Sahibganj,BR_Bhagalpur
JH_Sahibganj,JH_Pakur
JH_Sahibganj,JH_Godda
BR_Bhagalpur,JH_Godda
BR_Bhagalpur,BR_Munger
BR_Bhagalpur,BR_Banka
RJ_Barmer,RJ_Pali
RJ_Barmer,RJ_Jaisalmer
RJ_Barmer,RJ_Jodhpur
RJ_Barmer,GJ_Kutch
RJ_Barmer,RJ_Jalore
RJ_Jalore,RJ_Pali
RJ_Jalore,GJ_Banaskantha
RJ_Jalore,RJ_Sirohi
RJ_Jalore,GJ_Kutch
RJ_Jodhpur,RJ_Pali
RJ_Jodhpur,RJ_Jaisalmer
RJ_Jodhpur,RJ_Nagaur
RJ_Jodhpur,RJ_Bikaner
RJ_Pali,RJ_Rajsamand
RJ_Pali,RJ_Udaipur
RJ_Pali,RJ_Ajmer
RJ_Pali,RJ_Nagaur
RJ_Pali,RJ_Sirohi
RJ_Jaisalmer,RJ_Bikaner
GJ_Kutch,GJ_Banaskantha
GJ_Kutch,GJ_Patan
GJ_Kutch,GJ_Surendranagar
GJ_Kutch,GJ_Morbi
RJ_Sirohi,GJ_Banaskantha
RJ_Sirohi,RJ_Udaipur
RJ_Sirohi,GJ_Sabarkantha
GJ_Banaskantha,GJ_Patan
GJ_Banaskantha,GJ_Sabarkantha
GJ_Banaskantha,GJ_Mehsana
RJ_Bikaner,RJ_Churu
RJ_Bikaner,RJ_Nagaur
RJ_Bikaner,RJ_Ganganagar
RJ_Bikaner,RJ_Hanumangarh
RJ_Nagaur,RJ_Churu
RJ_Nagaur,RJ_Jaipur
RJ_Nagaur,RJ_Jaipur
RJ_Nagaur,RJ_Ajmer
RJ_Nagaur,RJ_Sikar
RJ_Ajmer,RJ_Rajsamand
RJ_Ajmer,RJ_Jaipur
RJ_Ajmer,RJ_Jaipur
RJ_Ajmer,RJ_Bhilwara
RJ_Ajmer,RJ_Tonk
RJ_Rajsamand,RJ_Chittorgarh
RJ_Rajsamand,RJ_Udaipur
RJ_Rajsamand,RJ_Bhilwara
RJ_Udaipur,RJ_Chittorgarh
RJ_Udaipur,RJ_Dungarpur
RJ_Udaipur,GJ_Sabarkantha
RJ_Udaipur,RJ_Pratapgarh
RJ_Udaipur,GJ_Aravalli
UP_Unnao,UP_Lucknow
UP_Unnao,UP_Kanpur Nagar
UP_Unnao,UP_Rae Bareli
UP_Unnao,UP_Fatehpur
UP_Unnao,UP_Hardoi
UP_Hardoi,UP_Lucknow
UP_Hardoi,UP_Kanpur Nagar
UP_Hardoi,UP_Shahjahanpur
UP_Hardoi,UP_Sitapur
UP_Hardoi,UP_Farrukhabad
UP_Hardoi,UP_Kannauj
UP_Hardoi,UP_Lakhimpur Kheri
UP_Lucknow,UP_Rae Bareli
UP_Lucknow,UP_Barabanki
UP_Lucknow,UP_Sitapur
UP_Kanpur Nagar,UP_Hamirpur
UP_Kanpur Nagar,UP_Kanpur Dehat
UP_Kanpur Nagar,UP_Fatehpur
UP_Kanpur Nagar,UP_Kannauj
UP_Fatehpur,UP_Hamirpur
UP_Fatehpur,UP_Pratapgarh
UP_Fatehpur,UP_Rae Bareli
UP_Fatehpur,UP_Banda
UP_Fatehpur,UP_Kaushambi
UP_Fatehpur,UP_Chitrakoot
UP_Rae Bareli,UP_Pratapgarh
UP_Rae Bareli,UP_Amethi
UP_Rae Bareli,UP_Kaushambi
UP_Rae Bareli,UP_Barabanki
TN_Kanyakumari,KL_Thiruvananthapuram
TN_Kanyakumari,TN_Tirunelveli
TN_Tirunelveli,KL_Kollam
TN_Tirunelveli,TN_Thoothukkudi
TN_Tirunelveli,TN_Virudhunagar
TN_Tirunelveli,TN_Virudhunagar
TN_Tirunelveli,KL_Idukki
TN_Tirunelveli,KL_Pathanamthitta
TN_Tirunelveli,KL_Thiruvananthapuram
KL_Thiruvananthapuram,KL_Kollam
TN_Virudhunagar,TN_Madurai
TN_Virudhunagar,TN_Sivaganga
TN_Virudhunagar,TN_Ramanathapuram
TN_Virudhunagar,TN_Ramanathapuram
TN_Virudhunagar,TN_Thoothukkudi
TN_Virudhunagar,TN_Theni
TN_Virudhunagar,KL_Idukki
KL_Idukki,KL_Ernakulam
KL_Idukki,KL_Kottayam
KL_Idukki,TN_Theni
KL_Idukki,TN_Dindigul
KL_Idukki,TN_Dindigul
KL_Idukki,TN_Tiruppur
KL_Idukki,KL_Pathanamthitta
TN_Thoothukkudi,TN_Ramanathapuram
TN_Thoothukkudi,TN_Ramanathapuram
KL_Kollam,KL_Pathanamthitta
KL_Kollam,KL_Alappuzha
KL_Pathanamthitta,KL_Kottayam
KL_Pathanamthitta,KL_Alappuzha
TN_Pudukkottai,TN_Tiruchirappalli
TN_Pudukkottai,TN_Sivaganga
TN_Pudukkottai,TN_Thanjavur
TN_Pudukkottai,TN_Ramanathapuram
TN_Pudukkottai,TN_Ramanathapuram
TN_Sivaganga,TN_Madurai
TN_Sivaganga,TN_Ramanathapuram
TN_Sivaganga,TN_Ramanathapuram
TN_Sivaganga,TN_Tiruchirappalli
TN_Tiruchirappalli,TN_Madurai
TN_Tiruchirappalli,TN_Karur
TN_Tiruchirappalli,TN_Ariyalur
TN_Tiruchirappalli,TN_Perambalur
TN_Tiruchirappalli,TN_Thanjavur
TN_Tiruchirappalli,TN_Dindigul
TN_Tiruchirappalli,TN_Dindigul
TN_Tiruchirappalli,TN_Namakkal
TN_Tiruchirappalli,TN_Salem
TN_Tiruchirappalli,TN_Salem
TN_Thanjavur,TN_Ariyalur
TN_Thanjavur,TN_Nagapattinam
TN_Thanjavur,TN_Cuddalore
TN_Thanjavur,TN_Thiruvarur
TN_Madurai,TN_Theni
TN_Madurai,TN_Dindigul
TN_Madurai,TN_Dindigul
TN_Theni,TN_Dindigul
TN_Theni,TN_Dindigul
TN_Dindigul,TN_Karur
TN_Dindigul,TN_Tiruppur
TN_Karur,TN_Tiruppur
TN_Karur,TN_Namakkal
KL_Ernakulam,KL_Thrissur
KL_Ernakulam,KL_Kottayam
KL_Ernakulam,KL_Alappuzha
KL_Kottayam,KL_Alappuzha
KL_Thrissur,KL_Palakkad
TN_Namakkal,TN_Salem
TN_Namakkal,TN_Salem
TN_Salem,TN_Kallakurichi
TN_Salem,TN_Perambalur
TN_Salem,TN_Dharmapuri
TN_Dharmapuri,TN_Krishnagiri
TN_Dharmapuri,TN_Kallakurichi
TN_Dharmapuri,TN_Tiruvannamalai
TN_Perambalur,TN_Kallakurichi
TN_Perambalur,TN_Ariyalur
TN_Perambalur,TN_Cuddalore
TN_Kallakurichi,TN_Tiruvannamalai
TN_Kallakurichi,TN_Viluppuram
TN_Kallakurichi,TN_Cuddalore
TN_Ariyalur,TN_Cuddalore
TN_Tiruvannamalai,TN_Krishnagiri
TN_Tiruvannamalai,TN_Kancheepuram
TN_Tiruvannamalai,TN_Vellore
TN_Tiruvannamalai,TN_Viluppuram
TN_Krishnagiri,KA_Bengaluru Urban
TN_Krishnagiri,KA_Kolar
TN_Krishnagiri,KA_Ramanagara
TN_Krishnagiri,KA_Bengaluru Rural
TN_Krishnagiri,TN_Vellore
TN_Krishnagiri,AP_Chittoor
TN_Cuddalore,PY_Puducherry
TN_Cuddalore,TN_Viluppuram
TN_Cuddalore,TN_Nagapattinam
TN_Nagapattinam,TN_Thiruvarur
TN_Nagapattinam,PY_Karaikal
TN_Viluppuram,PY_Puducherry
TN_Viluppuram,TN_Kancheepuram
TN_Kancheepuram,TN_Vellore
TN_Kancheepuram,TN_Thiruvallur
TN_Kancheepuram,TN_Thiruvallur
TN_Kancheepuram,TN_Chennai
TN_Thiruvallur,TN_Vellore
TN_Thiruvallur,AP_Chittoor
TN_Thiruvallur,TN_Chennai
TN_Thiruvallur,AP_S.P.S. Nellore
TN_Thiruvallur,AP_S.P.S. Nellore
TN_Vellore,AP_Chittoor
PY_Karaikal,TN_Thiruvarur
AP_Chittoor,KA_Kolar
AP_Chittoor,KA_Chikkaballapura
AP_Chittoor,AP_Anantapur
AP_Chittoor,AP_S.P.S. Nellore
AP_Chittoor,AP_Y.S.R. Kadapa
UP_Gautam Buddha Nagar,UP_Ghaziabad
UP_Gautam Buddha Nagar,UP_Hapur
UP_Gautam Buddha Nagar,UP_Aligarh
UP_Gautam Buddha Nagar,UP_Bulandshahr
UP_Gautam Buddha Nagar,HR_Palwal
UP_Gautam Buddha Nagar,HR_Faridabad
UP_Gautam Buddha Nagar,DL_Delhi
UP_Ghaziabad,UP_Baghpat
UP_Ghaziabad,UP_Meerut
UP_Ghaziabad,UP_Hapur
UP_Ghaziabad,DL_Delhi
HR_Sonipat,HR_Jind
HR_Sonipat,UP_Baghpat
HR_Sonipat,HR_Panipat
HR_Sonipat,HR_Rohtak
HR_Sonipat,HR_Jhajjar
HR_Sonipat,DL_Delhi
UP_Baghpat,UP_Meerut
UP_Baghpat,HR_Panipat
UP_Baghpat,UP_Shamli
UP_Baghpat,DL_Delhi
HR_Jhajjar,HR_Rewari
HR_Jhajjar,HR_Mahendragarh
HR_Jhajjar,HR_Charkhi Dadri
HR_Jhajjar,HR_Rohtak
HR_Jhajjar,HR_Gurugram
HR_Jhajjar,DL_Delhi
HR_Gurugram,HR_Rewari
HR_Gurugram,HR_Nuh
HR_Gurugram,HR_Palwal
HR_Gurugram,HR_Faridabad
HR_Gurugram,DL_Delhi
HR_Faridabad,HR_Palwal
HR_Faridabad,DL_Delhi
HR_Kurukshetra,HR_Karnal
HR_Kurukshetra,PB_Patiala
HR_Kurukshetra,HR_Kaithal
PB_Patiala,HR_Kaithal
PB_Patiala,PB_Sangrur
PB_Patiala,PB_Fatehgarh Sahib
PB_Patiala,HR_Jind
HR_Karnal,HR_Panipat
HR_Karnal,UP_Shamli
HR_Karnal,HR_Jind
HR_Karnal,HR_Kaithal
HR_Kaithal,HR_Jind
HR_Panipat,UP_Shamli
HR_Panipat,HR_Jind
HR_Jind,PB_Sangrur
HR_Jind,HR_Fatehabad
HR_Jind,HR_Rohtak
HR_Jind,HR_Hisar
HR_Rohtak,HR_Charkhi Dadri
HR_Rohtak,HR_Hisar
HR_Rohtak,HR_Bhiwani
HR_Hisar,HR_Fatehabad
HR_Hisar,HR_Bhiwani
HR_Hisar,RJ_Hanumangarh
HR_Fatehabad,HR_Sirsa
HR_Fatehabad,PB_Sangrur
HR_Fatehabad,PB_Mansa
HR_Fatehabad,RJ_Hanumangarh
PB_Sangrur,PB_Mansa
PB_Sangrur,PB_Fatehgarh Sahib
PB_Sangrur,PB_Barnala
PB_Sangrur,PB_Ludhiana
HR_Bhiwani,RJ_Churu
HR_Bhiwani,HR_Charkhi Dadri
HR_Bhiwani,RJ_Jhunjhunu
HR_Bhiwani,HR_Mahendragarh
HR_Bhiwani,RJ_Hanumangarh
RJ_Hanumangarh,HR_Sirsa
RJ_Hanumangarh,RJ_Churu
RJ_Hanumangarh,PB_Fazilka
RJ_Hanumangarh,RJ_Ganganagar
RJ_Hanumangarh,PB_Sri Muktsar Sahib
HR_Sirsa,PB_Bathinda
HR_Sirsa,PB_Mansa
HR_Sirsa,PB_Sri Muktsar Sahib
PB_Mansa,PB_Bathinda
PB_Mansa,PB_Barnala
PB_Bathinda,PB_Moga
PB_Bathinda,PB_Barnala
PB_Bathinda,PB_Faridkot
PB_Bathinda,PB_Sri Muktsar Sahib
HR_Charkhi Dadri,HR_Mahendragarh
HR_Mahendragarh,RJ_Jaipur
HR_Mahendragarh,RJ_Jaipur
HR_Mahendragarh,RJ_Jhunjhunu
HR_Mahendragarh,RJ_Sikar
HR_Mahendragarh,HR_Rewari
HR_Mahendragarh,RJ_Alwar
HR_Rewari,HR_Nuh
HR_Rewari,RJ_Alwar
RJ_Churu,RJ_Jhunjhunu
RJ_Churu,RJ_Sikar
RJ_Jhunjhunu,RJ_Sikar
RJ_Sikar,RJ_Jaipur
RJ_Sikar,RJ_Jaipur
RJ_Alwar,RJ_Jaipur
RJ_Alwar,RJ_Jaipur
RJ_Alwar,HR_Nuh
RJ_Alwar,RJ_Dausa
RJ_Alwar,RJ_Bharatpur
RJ_Jaipur,RJ_Dausa
RJ_Jaipur,RJ_Tonk
HR_Nuh,UP_Mathura
HR_Nuh,HR_Palwal
HR_Nuh,RJ_Bharatpur
HR_Palwal,UP_Aligarh
HR_Palwal,UP_Mathura
JK_Udhampur,JK_Reasi
JK_Udhampur,JK_Jammu
JK_Udhampur,JK_Ramban
JK_Udhampur,JK_Samba
JK_Jammu,JK_Reasi
JK_Jammu,JK_Rajouri
JK_Jammu,JK_Samba
JK_Reasi,JK_Punch
JK_Reasi,JK_Ramban
JK_Reasi,JK_Rajouri
JK_Reasi,JK_Kulgam
JK_Ramban,JK_Kulgam
JK_Rajouri,JK_Kulgam
JK_Rajouri,JK_Punch
JK_Punch,JK_Baramulla
JK_Punch,JK_Budgam
JK_Punch,JK_Kulgam
JK_Kulgam,JK_Shopiyan
JK_Kulgam,JK_Budgam
JK_Budgam,JK_Baramulla
JK_Budgam,JK_Shopiyan
JK_Budgam,JK_Pulwama
JK_Budgam,JK_Srinagar
JK_Baramulla,JK_Kupwara
JK_Baramulla,JK_Srinagar
JK_Pulwama,JK_Shopiyan
JK_Pulwama,JK_Srinagar
PB_Fatehgarh Sahib,PB_Ludhiana
PB_Ludhiana,PB_Jalandhar
PB_Ludhiana,PB_Moga
PB_Ludhiana,PB_Barnala
PB_Ludhiana,PB_Shahid Bhagat Singh Nagar
PB_Moga,PB_Jalandhar
PB_Moga,PB_Barnala
PB_Moga,PB_Ferozepur
PB_Moga,PB_Faridkot
PB_Jalandhar,PB_Kapurthala
PB_Jalandhar,PB_Ferozepur
PB_Jalandhar,PB_Shahid Bhagat Singh Nagar
PB_Shahid Bhagat Singh Nagar,PB_Kapurthala
PB_Faridkot,PB_Ferozepur
PB_Faridkot,PB_Sri Muktsar Sahib
PB_Ferozepur,PB_Kapurthala
PB_Ferozepur,PB_Tarn Taran
PB_Ferozepur,PB_Fazilka
PB_Ferozepur,PB_Sri Muktsar Sahib
PB_Fazilka,RJ_Ganganagar
PB_Fazilka,PB_Sri Muktsar Sahib
PB_Kapurthala,PB_Amritsar
PB_Kapurthala,PB_Tarn Taran
PB_Tarn Taran,PB_Amritsar
GJ_Sabarkantha,GJ_Mehsana
GJ_Sabarkantha,GJ_Gandhinagar
GJ_Sabarkantha,GJ_Gandhinagar
GJ_Sabarkantha,GJ_Aravalli
RJ_Tonk,RJ_Bundi
RJ_Tonk,RJ_Bhilwara
RJ_Tonk,RJ_Dausa
RJ_Tonk,RJ_Sawai Madhopur
RJ_Bhilwara,RJ_Chittorgarh
RJ_Bhilwara,RJ_Bundi
RJ_Bhilwara,MP_Neemuch
RJ_Bharatpur,UP_Agra
RJ_Bharatpur,RJ_Dholpur
RJ_Bharatpur,RJ_Dausa
RJ_Bharatpur,UP_Mathura
RJ_Bharatpur,RJ_Karauli
RJ_Dausa,RJ_Sawai Madhopur
RJ_Dausa,RJ_Karauli
RJ_Dholpur,RJ_Karauli
RJ_Dholpur,UP_Agra
RJ_Dholpur,MP_Morena
RJ_Karauli,MP_Sheopur
RJ_Karauli,MP_Morena
RJ_Karauli,RJ_Sawai Madhopur
UP_Mathura,UP_Agra
UP_Mathura,UP_Hathras
UP_Mathura,UP_Aligarh
UP_Agra,UP_Etawah
UP_Agra,UP_Hathras
UP_Agra,MP_Bhind
UP_Agra,MP_Morena
UP_Agra,UP_Etah
UP_Agra,UP_Firozabad
RJ_Sawai Madhopur,RJ_Bundi
RJ_Sawai Madhopur,MP_Sheopur
RJ_Sawai Madhopur,RJ_Kota
MP_Morena,MP_Shivpuri
MP_Morena,MP_Bhind
MP_Morena,MP_Sheopur
MP_Morena,MP_Gwalior
MP_Sheopur,MP_Shivpuri
MP_Sheopur,RJ_Kota
MP_Sheopur,RJ_Baran
RJ_Kota,RJ_Chittorgarh
RJ_Kota,RJ_Bundi
RJ_Kota,MP_Mandsaur
RJ_Kota,RJ_Baran
RJ_Kota,RJ_Jhalawar
RJ_Bundi,RJ_Chittorgarh
RJ_Baran,MP_Shivpuri
RJ_Baran,MP_Guna
RJ_Baran,RJ_Jhalawar
RJ_Jhalawar,MP_Rajgarh
RJ_Jhalawar,MP_Guna
RJ_Jhalawar,MP_Ratlam
RJ_Jhalawar,MP_Agar Malwa
RJ_Jhalawar,MP_Mandsaur
MP_Shivpuri,MP_Guna
MP_Shivpuri,MP_Ashoknagar
MP_Shivpuri,UP_Jhansi
MP_Shivpuri,UP_Lalitpur
MP_Shivpuri,MP_Datia
MP_Shivpuri,MP_Gwalior
MP_Guna,MP_Vidisha
MP_Guna,MP_Rajgarh
MP_Guna,MP_Ashoknagar
MP_Guna,MP_Bhopal
MP_Mandsaur,RJ_Chittorgarh
MP_Mandsaur,MP_Ratlam
MP_Mandsaur,MP_Neemuch
MP_Mandsaur,RJ_Pratapgarh
MP_Rajgarh,MP_Shajapur
MP_Rajgarh,MP_Agar Malwa
MP_Rajgarh,MP_Sehore
MP_Rajgarh,MP_Bhopal
MP_Ratlam,MP_Agar Malwa
MP_Ratlam,MP_Ujjain
MP_Ratlam,MP_Jhabua
MP_Ratlam,RJ_Banswara
MP_Ratlam,MP_Dhar
MP_Ratlam,RJ_Pratapgarh
MP_Agar Malwa,MP_Shajapur
MP_Agar Malwa,MP_Ujjain
RJ_Chittorgarh,MP_Neemuch
RJ_Chittorgarh,RJ_Pratapgarh
MP_Neemuch,RJ_Pratapgarh
RJ_Pratapgarh,RJ_Dungarpur
RJ_Pratapgarh,RJ_Banswara
RJ_Banswara,GJ_Dahod
RJ_Banswara,RJ_Dungarpur
RJ_Banswara,MP_Jhabua
RJ_Banswara,GJ_Mahisagar
RJ_Dungarpur,GJ_Mahisagar
RJ_Dungarpur,GJ_Aravalli
GJ_Dahod,GJ_Panchmahal
GJ_Dahod,MP_Alirajpur
GJ_Dahod,MP_Jhabua
GJ_Dahod,GJ_Mahisagar
GJ_Dahod,GJ_Chhota Udaipur
MP_Jhabua,MP_Alirajpur
MP_Jhabua,MP_Dhar
GJ_Mahisagar,GJ_Aravalli
GJ_Mahisagar,GJ_Panchmahal
GJ_Mahisagar,GJ_Kheda
GJ_Aravalli,GJ_Gandhinagar
GJ_Aravalli,GJ_Gandhinagar
GJ_Aravalli,GJ_Kheda
GJ_Mehsana,GJ_Patan
GJ_Mehsana,GJ_Ahmedabad
GJ_Mehsana,GJ_Ahmedabad
GJ_Mehsana,GJ_Surendranagar
GJ_Mehsana,GJ_Gandhinagar
GJ_Mehsana,GJ_Gandhinagar
GJ_Patan,GJ_Surendranagar
GJ_Gandhinagar,GJ_Ahmedabad
GJ_Gandhinagar,GJ_Ahmedabad
GJ_Gandhinagar,GJ_Kheda
GJ_Surendranagar,GJ_Rajkot
GJ_Surendranagar,GJ_Rajkot
GJ_Surendranagar,GJ_Ahmedabad
GJ_Surendranagar,GJ_Ahmedabad
GJ_Surendranagar,GJ_Botad
GJ_Surendranagar,GJ_Morbi
GJ_Ahmedabad,GJ_Anand
GJ_Ahmedabad,GJ_Botad
GJ_Ahmedabad,GJ_Bhavnagar
GJ_Ahmedabad,GJ_Bhavnagar
GJ_Ahmedabad,GJ_Kheda
GJ_Panchmahal,GJ_Vadodara
GJ_Panchmahal,GJ_Vadodara
GJ_Panchmahal,GJ_Kheda
GJ_Panchmahal,GJ_Chhota Udaipur
GJ_Chhota Udaipur,GJ_Vadodara
GJ_Chhota Udaipur,GJ_Vadodara
GJ_Chhota Udaipur,GJ_Narmada
GJ_Chhota Udaipur,MP_Alirajpur
GJ_Chhota Udaipur,MH_Nandurbar
MP_Alirajpur,MP_Barwani
MP_Alirajpur,MP_Dhar
MP_Alirajpur,MH_Nandurbar
GJ_Kheda,GJ_Vadodara
GJ_Kheda,GJ_Vadodara
GJ_Kheda,GJ_Anand
GJ_Vadodara,GJ_Anand
GJ_Vadodara,GJ_Bharuch
GJ_Vadodara,GJ_Narmada
GJ_Anand,GJ_Bharuch
GJ_Narmada,GJ_Bharuch
GJ_Narmada,MH_Nandurbar
GJ_Narmada,GJ_Tapi
GJ_Narmada,GJ_Surat
GJ_Narmada,GJ_Surat
GJ_Bharuch,GJ_Surat
GJ_Bharuch,GJ_Surat
GJ_Surat,GJ_Tapi
GJ_Surat,GJ_Navsari
MH_Nandurbar,MP_Barwani
MH_Nandurbar,MH_Dhule
MH_Nandurbar,GJ_Tapi
GJ_Tapi,GJ_Navsari
GJ_Tapi,MH_Dhule
GJ_Tapi,GJ_Dang
GJ_Navsari,MH_Nashik
GJ_Navsari,GJ_Valsad
GJ_Navsari,GJ_Dang
MH_Dhule,MH_Nashik
MH_Dhule,MP_Barwani
MH_Dhule,MH_Jalgaon
MH_Dhule,GJ_Dang
MH_Nashik,GJ_Valsad
MH_Nashik,MH_Jalgaon
MH_Nashik,MH_Ahmednagar
MH_Nashik,MH_Palghar
MH_Nashik,MH_Aurangabad
MH_Nashik,MH_Thane
MH_Nashik,GJ_Dang
DN_Dadra and Nagar Haveli,MH_Palghar
DN_Dadra and Nagar Haveli,GJ_Valsad
GJ_Valsad,MH_Palghar
GJ_Valsad,DN_Daman
MH_Palghar,MH_Thane
GJ_Rajkot,GJ_Porbandar
GJ_Rajkot,GJ_Amreli
GJ_Rajkot,GJ_Junagadh
GJ_Rajkot,GJ_Junagadh
GJ_Rajkot,GJ_Botad
GJ_Rajkot,GJ_Morbi
GJ_Rajkot,GJ_Jamnagar
GJ_Rajkot,GJ_Jamnagar
GJ_Morbi,GJ_Jamnagar
GJ_Morbi,GJ_Jamnagar
GJ_Botad,GJ_Amreli
GJ_Botad,GJ_Bhavnagar
GJ_Botad,GJ_Bhavnagar
GJ_Bhavnagar,GJ_Amreli
GJ_Junagadh,GJ_Porbandar
GJ_Junagadh,GJ_Gir Somnath
GJ_Junagadh,GJ_Amreli
GJ_Porbandar,GJ_Devbhumi Dwarka
GJ_Porbandar,GJ_Jamnagar
GJ_Porbandar,GJ_Jamnagar
GJ_Amreli,GJ_Gir Somnath
GJ_Jamnagar,GJ_Devbhumi Dwarka
UP_Meerut,UP_Hapur
UP_Meerut,UP_Amroha
UP_Hapur,UP_Bulandshahr
UP_Hapur,UP_Amroha
UP_Aligarh,UP_Sambhal
UP_Aligarh,UP_Bulandshahr
UP_Aligarh,UP_Hathras
UP_Aligarh,UP_Kasganj
UP_Aligarh,UP_Budaun
UP_Bulandshahr,UP_Sambhal
UP_Bulandshahr,UP_Amroha
UP_Sambhal,UP_Budaun
UP_Sambhal,UP_Amroha
UP_Hathras,UP_Kasganj
UP_Hathras,UP_Etah
UP_Budaun,UP_Kasganj
UP_Budaun,UP_Shahjahanpur
UP_Budaun,UP_Farrukhabad
UP_Kasganj,UP_Etah
UP_Kasganj,UP_Farrukhabad
UP_Etah,UP_Mainpuri
UP_Etah,UP_Firozabad
UP_Etah,UP_Farrukhabad
UP_Shahjahanpur,UP_Farrukhabad
UP_Shahjahanpur,UP_Lakhimpur Kheri
UP_Firozabad,UP_Etawah
UP_Firozabad,UP_Mainpuri
UP_Etawah,UP_Auraiya
UP_Etawah,MP_Bhind
UP_Etawah,UP_Jalaun
UP_Etawah,UP_Mainpuri
UP_Etawah,UP_Kannauj
MP_Bhind,UP_Jhansi
MP_Bhind,MP_Datia
MP_Bhind,UP_Jalaun
MP_Bhind,MP_Gwalior
UP_Farrukhabad,UP_Mainpuri
UP_Farrukhabad,UP_Kannauj
UP_Mainpuri,UP_Kannauj
UP_Kannauj,UP_Auraiya
UP_Kannauj,UP_Kanpur Dehat
UP_Bahraich,UP_Shrawasti
UP_Bahraich,UP_Sitapur
UP_Bahraich,UP_Barabanki
UP_Bahraich,UP_Gonda
UP_Bahraich,UP_Lakhimpur Kheri
UP_Shrawasti,UP_Gonda
UP_Shrawasti,UP_Balrampur
UP_Sitapur,UP_Barabanki
UP_Sitapur,UP_Lakhimpur Kheri
UP_Barabanki,UP_Ayodhya
UP_Barabanki,UP_Gonda
UP_Barabanki,UP_Amethi
UP_Gonda,UP_Ayodhya
UP_Gonda,UP_Basti
UP_Gonda,UP_Siddharthnagar
UP_Gonda,UP_Balrampur
UP_Balrampur,UP_Siddharthnagar
UP_Siddharthnagar,UP_Gorakhpur
UP_Siddharthnagar,UP_Sant Kabir Nagar
UP_Siddharthnagar,UP_Basti
UP_Siddharthnagar,UP_Maharajganj
UP_Maharajganj,UP_Gorakhpur
UP_Maharajganj,BR_West Champaran
UP_Maharajganj,UP_Kushinagar
UP_Basti,UP_Ayodhya
UP_Basti,UP_Sant Kabir Nagar
UP_Basti,UP_Ambedkar Nagar
UP_Gorakhpur,UP_Mau
UP_Gorakhpur,UP_Kushinagar
UP_Gorakhpur,UP_Deoria
UP_Gorakhpur,UP_Azamgarh
UP_Gorakhpur,UP_Sant Kabir Nagar
UP_Gorakhpur,UP_Ambedkar Nagar
UP_Sant Kabir Nagar,UP_Ambedkar Nagar
UP_Kushinagar,BR_West Champaran
UP_Kushinagar,UP_Deoria
UP_Deoria,UP_Mau
UP_Deoria,BR_Siwan
UP_Deoria,UP_Ballia
UP_Kanpur Dehat,UP_Auraiya
UP_Kanpur Dehat,UP_Hamirpur
UP_Kanpur Dehat,UP_Jalaun
UP_Hamirpur,UP_Mahoba
UP_Hamirpur,UP_Jhansi
UP_Hamirpur,UP_Jalaun
UP_Hamirpur,UP_Banda
UP_Auraiya,UP_Jalaun
UP_Jalaun,UP_Jhansi
UP_Jhansi,UP_Mahoba
UP_Jhansi,UP_Lalitpur
UP_Jhansi,MP_Tikamgarh
UP_Jhansi,MP_Datia
UP_Jhansi,MP_Chhatarpur
UP_Lalitpur,MP_Ashoknagar
UP_Lalitpur,MP_Tikamgarh
UP_Lalitpur,MP_Sagar
UP_Lalitpur,MP_Datia
UP_Lalitpur,MP_Chhatarpur
UP_Mahoba,UP_Banda
UP_Mahoba,MP_Chhatarpur
MP_Datia,MP_Gwalior
MP_Chhatarpur,MP_Damoh
MP_Chhatarpur,MP_Tikamgarh
MP_Chhatarpur,MP_Sagar
MP_Chhatarpur,UP_Banda
MP_Chhatarpur,MP_Panna
MP_Sagar,MP_Damoh
MP_Sagar,MP_Vidisha
MP_Sagar,MP_Ashoknagar
MP_Sagar,MP_Narsinghpur
MP_Sagar,MP_Raisen
MP_Ashoknagar,MP_Vidisha
UP_Amethi,UP_Ayodhya
UP_Amethi,UP_Sultanpur
UP_Amethi,UP_Pratapgarh
UP_Ambedkar Nagar,UP_Ayodhya
UP_Ambedkar Nagar,UP_Sultanpur
UP_Ambedkar Nagar,UP_Azamgarh
UP_Sultanpur,UP_Ayodhya
UP_Sultanpur,UP_Jaunpur
UP_Sultanpur,UP_Pratapgarh
UP_Sultanpur,UP_Azamgarh
UP_Banda,MP_Satna
UP_Banda,MP_Panna
UP_Banda,UP_Chitrakoot
UP_Kaushambi,UP_Pratapgarh
UP_Kaushambi,UP_Prayagraj
UP_Kaushambi,UP_Chitrakoot
UP_Pratapgarh,UP_Jaunpur
UP_Pratapgarh,UP_Prayagraj
UP_Chitrakoot,UP_Prayagraj
UP_Chitrakoot,MP_Satna
UP_Chitrakoot,MP_Rewa
UP_Prayagraj,MP_Rewa
UP_Prayagraj,UP_Jaunpur
UP_Prayagraj,UP_Bhadohi
UP_Prayagraj,UP_Mirzapur
UP_Jaunpur,UP_Ghazipur
UP_Jaunpur,UP_Varanasi
UP_Jaunpur,UP_Bhadohi
UP_Jaunpur,UP_Azamgarh
UP_Mirzapur,MP_Rewa
UP_Mirzapur,UP_Varanasi
UP_Mirzapur,UP_Sonbhadra
UP_Mirzapur,UP_Bhadohi
UP_Mirzapur,UP_Chandauli
UP_Mirzapur,MP_Singrauli
MP_Rewa,MP_Singrauli
MP_Rewa,MP_Satna
MP_Rewa,MP_Sidhi
MP_Panna,MP_Damoh
MP_Panna,MP_Satna
MP_Panna,MP_Katni
MP_Satna,MP_Umaria
MP_Satna,MP_Katni
MP_Satna,MP_Sidhi
MP_Satna,MP_Shahdol
UP_Azamgarh,UP_Mau
UP_Azamgarh,UP_Ghazipur
UP_Ghazipur,UP_Mau
UP_Ghazipur,UP_Varanasi
UP_Ghazipur,BR_Buxar
UP_Ghazipur,UP_Chandauli
UP_Ghazipur,UP_Ballia
UP_Ghazipur,BR_Kaimur
UP_Mau,UP_Ballia
UP_Ballia,BR_Buxar
UP_Ballia,BR_Bhojpur
UP_Ballia,BR_Siwan
UP_Ballia,BR_Saran
BR_Siwan,BR_Saran
BR_Saran,BR_Vaishali
BR_Saran,BR_Bhojpur
BR_Saran,BR_Patna
BR_Bhojpur,BR_Arwal
BR_Bhojpur,BR_Buxar
BR_Bhojpur,BR_Patna
BR_Bhojpur,BR_Rohtas
BR_Buxar,BR_Rohtas
BR_Buxar,BR_Kaimur
UP_Chandauli,UP_Varanasi
UP_Chandauli,UP_Sonbhadra
UP_Chandauli,BR_Kaimur
UP_Varanasi,UP_Bhadohi
UP_Sonbhadra,JH_Garhwa
UP_Sonbhadra,MP_Singrauli
UP_Sonbhadra,CT_Balrampur
UP_Sonbhadra,BR_Rohtas
UP_Sonbhadra,BR_Kaimur
MP_Singrauli,CT_Surajpur
MP_Singrauli,CT_Balrampur
MP_Singrauli,MP_Sidhi
MP_Singrauli,CT_Koriya
BR_Rohtas,BR_Arwal
BR_Rohtas,JH_Palamu
BR_Rohtas,BR_Aurangabad
BR_Rohtas,JH_Garhwa
BR_Rohtas,BR_Kaimur
JH_Garhwa,JH_Palamu
JH_Garhwa,CT_Balrampur
JH_Garhwa,JH_Latehar
CT_Balrampur,JH_Gumla
CT_Balrampur,CT_Surajpur
CT_Balrampur,CT_Jashpur
CT_Balrampur,JH_Latehar
CT_Balrampur,CT_Surguja
BR_Munger,BR_Begusarai
BR_Munger,BR_Banka
BR_Munger,BR_Lakhisarai
BR_Munger,BR_Jamui
JH_Godda,JH_Dumka
JH_Godda,BR_Banka
JH_Godda,JH_Pakur
BR_Banka,JH_Deoghar
BR_Banka,JH_Dumka
BR_Banka,BR_Jamui
BR_Begusarai,BR_Lakhisarai
BR_Begusarai,BR_Patna
BR_Lakhisarai,BR_Sheikhpura
BR_Lakhisarai,BR_Nalanda
BR_Lakhisarai,BR_Patna
BR_Lakhisarai,BR_Jamui
BR_Jamui,BR_Sheikhpura
BR_Jamui,JH_Deoghar
BR_Jamui,BR_Nawada
BR_Jamui,JH_Giridih
JH_Deoghar,JH_Dumka
JH_Deoghar,JH_Giridih
JH_Deoghar,JH_Jamtara
JH_Giridih,BR_Nawada
JH_Giridih,JH_Jamtara
JH_Giridih,JH_Koderma
JH_Giridih,JH_Dhanbad
JH_Giridih,JH_Bokaro
JH_Giridih,JH_Hazaribagh
JH_Dumka,JH_Jamtara
JH_Dumka,JH_Pakur
JH_Jamtara,JH_Dhanbad
JH_Jamtara,WB_Paschim Bardhaman
BR_Vaishali,BR_Patna
BR_Patna,BR_Arwal
BR_Patna,BR_Nalanda
BR_Patna,BR_Jehanabad
BR_Arwal,BR_Aurangabad
BR_Arwal,BR_Gaya
BR_Arwal,BR_Jehanabad
BR_Jehanabad,BR_Nalanda
BR_Jehanabad,BR_Gaya
BR_Nalanda,BR_Sheikhpura
BR_Nalanda,BR_Nawada
BR_Nalanda,BR_Gaya
BR_Aurangabad,BR_Gaya
BR_Aurangabad,JH_Palamu
JH_Palamu,BR_Gaya
JH_Palamu,JH_Latehar
JH_Palamu,JH_Chatra
BR_Gaya,BR_Nawada
BR_Gaya,JH_Koderma
BR_Gaya,JH_Chatra
BR_Gaya,JH_Hazaribagh
BR_Nawada,BR_Sheikhpura
BR_Nawada,JH_Koderma
JH_Chatra,JH_Latehar
JH_Chatra,JH_Ranchi
JH_Chatra,JH_Hazaribagh
JH_Koderma,JH_Hazaribagh
JH_Hazaribagh,JH_Ranchi
JH_Hazaribagh,JH_Ramgarh
JH_Hazaribagh,JH_Bokaro
WB_Purba Bardhaman,WB_Bankura
WB_Purba Bardhaman,WB_Bankura
WB_Purba Bardhaman,WB_Paschim Bardhaman
WB_Purba Bardhaman,WB_Nadia
WB_Purba Bardhaman,WB_Hooghly
WB_Paschim Bardhaman,JH_Dhanbad
WB_Paschim Bardhaman,WB_Bankura
WB_Paschim Bardhaman,WB_Bankura
WB_Paschim Bardhaman,WB_Purulia
WB_Nadia,WB_North 24 Parganas
WB_Nadia,WB_North 24 Parganas
WB_Nadia,WB_Hooghly
WB_North 24 Parganas,WB_South 24 Parganas
WB_North 24 Parganas,WB_South 24 Parganas
WB_North 24 Parganas,WB_Kolkata
WB_North 24 Parganas,WB_Howrah
WB_North 24 Parganas,WB_Hooghly
WB_North 24 Parganas,WB_Hooghly
WB_Bankura,WB_Jhargram
WB_Bankura,WB_Paschim Medinipur
WB_Bankura,WB_Purulia
WB_Bankura,WB_Hooghly
WB_Bankura,WB_Hooghly
WB_Paschim Medinipur,OR_Balasore
WB_Paschim Medinipur,WB_Jhargram
WB_Paschim Medinipur,WB_Howrah
WB_Paschim Medinipur,WB_Purba Medinipur
WB_Paschim Medinipur,WB_Purba Medinipur
WB_Paschim Medinipur,WB_Hooghly
WB_Howrah,WB_Purba Medinipur
WB_Howrah,WB_Purba Medinipur
WB_Howrah,WB_South 24 Parganas
WB_Howrah,WB_South 24 Parganas
WB_Howrah,WB_Kolkata
WB_Howrah,WB_Hooghly
WB_Purulia,WB_Jhargram
WB_Purulia,JH_Dhanbad
WB_Purulia,JH_Ramgarh
WB_Purulia,JH_Saraikela-Kharsawan
WB_Purulia,JH_Ranchi
WB_Purulia,JH_Bokaro
WB_Purulia,JH_East Singhbhum
WB_Jhargram,OR_Mayurbhanj
WB_Jhargram,OR_Balasore
WB_Jhargram,JH_East Singhbhum
JH_Ranchi,JH_Gumla
JH_Ranchi,JH_Lohardaga
JH_Ranchi,JH_Khunti
JH_Ranchi,JH_Latehar
JH_Ranchi,JH_Ramgarh
JH_Ranchi,JH_Saraikela-Kharsawan
JH_Bokaro,JH_Dhanbad
JH_Bokaro,JH_Ramgarh
JH_Saraikela-Kharsawan,OR_Mayurbhanj
JH_Saraikela-Kharsawan,JH_East Singhbhum
JH_Saraikela-Kharsawan,JH_Khunti
JH_Saraikela-Kharsawan,JH_West Singhbhum
JH_Saraikela-Kharsawan,JH_East Singhbhum
WB_Purba Medinipur,OR_Balasore
WB_Purba Medinipur,WB_South 24 Parganas
WB_Purba Medinipur,WB_South 24 Parganas
JH_Latehar,JH_Gumla
JH_Latehar,JH_Lohardaga
JH_Gumla,CT_Jashpur
JH_Gumla,JH_Lohardaga
JH_Gumla,JH_Simdega
JH_Gumla,JH_Khunti
CT_Jashpur,CT_Raigarh
CT_Jashpur,OR_Sundargarh
CT_Jashpur,JH_Simdega
CT_Jashpur,CT_Surguja
JH_Khunti,JH_East Singhbhum
JH_Khunti,JH_Simdega
JH_Khunti,JH_West Singhbhum
JH_Simdega,OR_Sundargarh
JH_Simdega,JH_East Singhbhum
JH_Simdega,JH_West Singhbhum
JH_East Singhbhum,OR_Mayurbhanj
OR_Sundargarh,OR_Angul
OR_Sundargarh,OR_Sambalpur
OR_Sundargarh,CT_Raigarh
OR_Sundargarh,OR_Deogarh
OR_Sundargarh,OR_Kendujhar
OR_Sundargarh,OR_Jharsuguda
OR_Sundargarh,JH_West Singhbhum
OR_Kendujhar,OR_Angul
OR_Kendujhar,OR_Mayurbhanj
OR_Kendujhar,OR_Jajpur
OR_Kendujhar,OR_Bhadrak
OR_Kendujhar,OR_Balasore
OR_Kendujhar,OR_Dhenkanal
OR_Kendujhar,JH_West Singhbhum
OR_Mayurbhanj,OR_Balasore
OR_Mayurbhanj,JH_West Singhbhum
CT_Surguja,CT_Surajpur
CT_Surguja,CT_Raigarh
CT_Surguja,CT_Korba
CT_Raigarh,OR_Jharsuguda
CT_Raigarh,OR_Bargarh
CT_Raigarh,CT_Baloda Bazar
CT_Raigarh,CT_Korba
CT_Raigarh,CT_Mahasamund
CT_Raigarh,CT_Janjgir Champa
CT_Korba,CT_Surajpur
CT_Korba,CT_Bilaspur
CT_Korba,CT_Janjgir Champa
CT_Korba,CT_Koriya
CT_Surajpur,CT_Koriya
CT_Bilaspur,CT_Mungeli
CT_Bilaspur,CT_Baloda Bazar
CT_Bilaspur,MP_Anuppur
CT_Bilaspur,CT_Janjgir Champa
CT_Bilaspur,CT_Koriya
CT_Koriya,MP_Anuppur
CT_Koriya,MP_Sidhi
CT_Koriya,MP_Shahdol
CT_Baloda Bazar,CT_Raipur
CT_Baloda Bazar,CT_Mungeli
CT_Baloda Bazar,CT_Bametara
CT_Baloda Bazar,CT_Mahasamund
CT_Baloda Bazar,CT_Janjgir Champa
CT_Mungeli,CT_Kabeerdham
CT_Mungeli,CT_Bametara
CT_Mungeli,MP_Dindori
CT_Mungeli,MP_Anuppur
MP_Anuppur,MP_Umaria
MP_Anuppur,MP_Dindori
MP_Anuppur,MP_Shahdol
MP_Sidhi,MP_Shahdol
MP_Shahdol,MP_Umaria
CT_Mahasamund,OR_Nuapada
CT_Mahasamund,OR_Bargarh
CT_Mahasamund,CT_Gariaband
CT_Mahasamund,CT_Raipur
OR_Bargarh,OR_Subarnapur
OR_Bargarh,OR_Sambalpur
OR_Bargarh,OR_Jharsuguda
OR_Bargarh,OR_Nuapada
OR_Bargarh,OR_Balangir
OR_Jharsuguda,OR_Sambalpur
CT_Raipur,CT_Dhamtari
CT_Raipur,CT_Gariaband
CT_Raipur,CT_Bametara
CT_Raipur,CT_Durg
OR_Nuapada,OR_Kalahandi
OR_Nuapada,CT_Gariaband
OR_Nuapada,OR_Balangir
CT_Gariaband,CT_Dhamtari
CT_Gariaband,OR_Kalahandi
CT_Gariaband,OR_Nabarangapur
CT_Durg,CT_Dhamtari
CT_Durg,CT_Bametara
CT_Durg,CT_Balod
CT_Durg,CT_Rajnandgaon
CT_Dhamtari,CT_Kondagaon
CT_Dhamtari,OR_Nabarangapur
CT_Dhamtari,CT_Uttar Bastar Kanker
CT_Dhamtari,CT_Balod
CT_Bametara,CT_Kabeerdham
CT_Bametara,CT_Rajnandgaon
CT_Rajnandgaon,CT_Kabeerdham
CT_Rajnandgaon,MH_Gadchiroli
CT_Rajnandgaon,CT_Uttar Bastar Kanker
CT_Rajnandgaon,CT_Balod
CT_Rajnandgaon,MH_Gondia
CT_Rajnandgaon,MP_Balaghat
CT_Balod,CT_Uttar Bastar Kanker
CT_Kabeerdham,MP_Dindori
CT_Kabeerdham,MP_Mandla
CT_Kabeerdham,MP_Balaghat
MP_Balaghat,MH_Bhandara
MP_Balaghat,MP_Seoni
MP_Balaghat,MP_Mandla
MP_Balaghat,MH_Gondia
MP_Balaghat,MH_Nagpur
MP_Dindori,MP_Umaria
MP_Dindori,MP_Jabalpur
MP_Dindori,MP_Mandla
MP_Mandla,MP_Jabalpur
MP_Mandla,MP_Seoni
CT_Uttar Bastar Kanker,CT_Kondagaon
CT_Uttar Bastar Kanker,MH_Gadchiroli
CT_Uttar Bastar Kanker,CT_Narayanpur
MH_Gondia,MH_Gadchiroli
MH_Gondia,MH_Bhandara
MH_Gadchiroli,CT_Bijapur
MH_Gadchiroli,CT_Narayanpur
MH_Gadchiroli,MH_Bhandara
MH_Gadchiroli,MH_Chandrapur
MH_Gadchiroli,TG_Telangana
CT_Bastar,OR_Koraput
CT_Bastar,OR_Malkangiri
CT_Bastar,CT_Kondagaon
CT_Bastar,CT_Sukma
CT_Bastar,OR_Nabarangapur
CT_Bastar,CT_Dakshin Bastar Dantewada
OR_Nabarangapur,OR_Koraput
OR_Nabarangapur,OR_Kalahandi
OR_Nabarangapur,CT_Kondagaon
OR_Koraput,OR_Kalahandi
OR_Koraput,OR_Malkangiri
OR_Koraput,AP_Vizianagaram
OR_Koraput,AP_Visakhapatnam
OR_Koraput,OR_Rayagada
OR_Malkangiri,AP_East Godavari
OR_Malkangiri,AP_Visakhapatnam
OR_Malkangiri,CT_Sukma
CT_Sukma,CT_Dakshin Bastar Dantewada
CT_Sukma,CT_Bijapur
CT_Sukma,AP_East Godavari
CT_Sukma,TG_Telangana
CT_Kondagaon,CT_Narayanpur
CT_Kondagaon,CT_Dakshin Bastar Dantewada
CT_Bijapur,CT_Dakshin Bastar Dantewada
CT_Bijapur,CT_Narayanpur
CT_Bijapur,TG_Telangana
CT_Narayanpur,CT_Dakshin Bastar Dantewada
MP_Bhopal,MP_Vidisha
MP_Bhopal,MP_Sehore
MP_Bhopal,MP_Raisen
MP_Vidisha,MP_Raisen
MP_Damoh,MP_Jabalpur
MP_Damoh,MP_Narsinghpur
MP_Damoh,MP_Katni
MP_Katni,MP_Umaria
MP_Katni,MP_Jabalpur
MP_Umaria,MP_Jabalpur
MP_Sehore,MP_Harda
MP_Sehore,MP_Shajapur
MP_Sehore,MP_Hoshangabad
MP_Sehore,MP_Raisen
MP_Sehore,MP_Dewas
MP_Raisen,MP_Hoshangabad
MP_Raisen,MP_Narsinghpur
MP_Narsinghpur,MP_Jabalpur
MP_Narsinghpur,MP_Hoshangabad
MP_Narsinghpur,MP_Seoni
MP_Narsinghpur,MP_Chhindwara
MP_Shajapur,MP_Ujjain
MP_Shajapur,MP_Dewas
MP_Dhar,MP_Khargone
MP_Dhar,MP_Barwani
MP_Dhar,MP_Ujjain
MP_Dhar,MP_Indore
MP_Ujjain,MP_Dewas
MP_Ujjain,MP_Indore
MP_Dewas,MP_Khargone
MP_Dewas,MP_Harda
MP_Dewas,MP_Khandwa
MP_Dewas,MP_Indore
MP_Indore,MP_Khargone
MP_Barwani,MP_Khargone
MP_Barwani,MH_Jalgaon
MP_Khargone,MP_Burhanpur
MP_Khargone,MP_Khandwa
MP_Khargone,MH_Jalgaon
MH_Jalgaon,MP_Burhanpur
MH_Jalgaon,MH_Jalna
MH_Jalgaon,MH_Buldhana
MH_Jalgaon,MH_Aurangabad
MP_Khandwa,MP_Harda
MP_Khandwa,MP_Burhanpur
MP_Khandwa,MP_Betul
MP_Khandwa,MH_Amravati
MP_Harda,MP_Hoshangabad
MP_Harda,MP_Betul
MP_Betul,MP_Hoshangabad
MP_Betul,MH_Amravati
MP_Betul,MP_Chhindwara
MH_Amravati,MH_Wardha
MH_Amravati,MP_Burhanpur
MH_Amravati,MH_Akola
MH_Amravati,MH_Washim
MH_Amravati,MH_Yavatmal
MH_Amravati,MH_Buldhana
MH_Amravati,MH_Nagpur
MH_Amravati,MP_Chhindwara
MP_Burhanpur,MH_Buldhana
MP_Hoshangabad,MP_Chhindwara
MP_Chhindwara,MP_Seoni
MP_Chhindwara,MH_Nagpur
MP_Jabalpur,MP_Seoni
MP_Seoni,MH_Nagpur
MH_Nagpur,MH_Wardha
MH_Nagpur,MH_Bhandara
MH_Nagpur,MH_Chandrapur
MH_Bhandara,MH_Chandrapur
OR_Balangir,OR_Subarnapur
OR_Balangir,OR_Kandhamal
OR_Balangir,OR_Boudh
OR_Balangir,OR_Kalahandi
OR_Sambalpur,OR_Subarnapur
OR_Sambalpur,OR_Angul
OR_Sambalpur,OR_Deogarh
OR_Kalahandi,OR_Kandhamal
OR_Kalahandi,OR_Rayagada
OR_Boudh,OR_Subarnapur
OR_Boudh,OR_Angul
OR_Boudh,OR_Nayagarh
OR_Boudh,OR_Kandhamal
OR_Kandhamal,OR_Gajapati
OR_Kandhamal,OR_Ganjam
OR_Kandhamal,OR_Nayagarh
OR_Kandhamal,OR_Rayagada
OR_Angul,OR_Subarnapur
OR_Angul,OR_Nayagarh
OR_Angul,OR_Cuttack
OR_Angul,OR_Deogarh
OR_Angul,OR_Dhenkanal
OR_Nayagarh,OR_Cuttack
OR_Nayagarh,OR_Ganjam
OR_Nayagarh,OR_Khordha
OR_Khordha,OR_Cuttack
OR_Khordha,OR_Ganjam
OR_Khordha,OR_Puri
OR_Cuttack,OR_Jajpur
OR_Cuttack,OR_Kendrapara
OR_Cuttack,OR_Jagatsinghpur
OR_Cuttack,OR_Dhenkanal
OR_Cuttack,OR_Puri
OR_Ganjam,OR_Gajapati
OR_Ganjam,AP_Srikakulam
OR_Ganjam,OR_Puri
OR_Puri,OR_Jagatsinghpur
OR_Dhenkanal,OR_Jajpur
OR_Jajpur,OR_Kendrapara
OR_Jajpur,OR_Bhadrak
OR_Jagatsinghpur,OR_Kendrapara
OR_Kendrapara,OR_Bhadrak
OR_Bhadrak,OR_Balasore
OR_Rayagada,OR_Gajapati
OR_Rayagada,AP_Vizianagaram
OR_Rayagada,AP_Srikakulam
AP_Vizianagaram,AP_Visakhapatnam
AP_Vizianagaram,AP_Srikakulam
AP_Visakhapatnam,AP_East Godavari
AP_East Godavari,AP_West Godavari
AP_East Godavari,TG_Telangana
OR_Gajapati,AP_Srikakulam
MH_Ahmednagar,MH_Pune
MH_Ahmednagar,MH_Solapur
MH_Ahmednagar,MH_Beed
MH_Ahmednagar,MH_Thane
MH_Ahmednagar,MH_Osmanabad
MH_Ahmednagar,MH_Aurangabad
MH_Aurangabad,MH_Beed
MH_Aurangabad,MH_Jalna
MH_Thane,MH_Raigad
MH_Thane,MH_Pune
MH_Pune,MH_Raigad
MH_Pune,MH_Satara
MH_Pune,MH_Solapur
MH_Solapur,KA_Vijayapura
MH_Solapur,MH_Sangli
MH_Solapur,MH_Satara
MH_Solapur,MH_Osmanabad
MH_Solapur,KA_Kalaburagi
MH_Osmanabad,KA_Bidar
MH_Osmanabad,MH_Beed
MH_Osmanabad,KA_Kalaburagi
MH_Osmanabad,MH_Latur
MH_Satara,MH_Raigad
MH_Satara,MH_Sangli
MH_Satara,MH_Ratnagiri
MH_Raigad,MH_Ratnagiri
MH_Ratnagiri,MH_Kolhapur
MH_Ratnagiri,MH_Sindhudurg
MH_Ratnagiri,MH_Sangli
MH_Sangli,KA_Vijayapura
MH_Sangli,MH_Kolhapur
MH_Sangli,KA_Belagavi
MH_Kolhapur,MH_Sindhudurg
MH_Kolhapur,KA_Belagavi
MH_Sindhudurg,KA_Belagavi
MH_Sindhudurg,GA_Goa
MH_Chandrapur,MH_Wardha
MH_Chandrapur,MH_Yavatmal
MH_Chandrapur,TG_Telangana
MH_Wardha,MH_Yavatmal
MH_Yavatmal,MH_Hingoli
MH_Yavatmal,MH_Nanded
MH_Yavatmal,MH_Washim
MH_Yavatmal,TG_Telangana
MH_Washim,MH_Hingoli
MH_Washim,MH_Akola
MH_Washim,MH_Buldhana
MH_Washim,MH_Parbhani
MH_Nanded,MH_Hingoli
MH_Nanded,MH_Parbhani
MH_Nanded,MH_Latur
MH_Nanded,KA_Bidar
MH_Nanded,TG_Telangana
MH_Hingoli,MH_Parbhani
MH_Akola,MH_Buldhana
MH_Parbhani,MH_Buldhana
MH_Parbhani,MH_Latur
MH_Parbhani,MH_Beed
MH_Parbhani,MH_Jalna
MH_Buldhana,MH_Jalna
MH_Latur,KA_Bidar
MH_Latur,MH_Beed
KA_Bidar,KA_Kalaburagi
KA_Bidar,TG_Telangana
MH_Jalna,MH_Beed
KA_Kalaburagi,KA_Yadgir
KA_Kalaburagi,KA_Vijayapura
KA_Kalaburagi,TG_Telangana
KA_Uttara Kannada,KA_Dharwad
KA_Uttara Kannada,KA_Udupi
KA_Uttara Kannada,KA_Shivamogga
KA_Uttara Kannada,KA_Belagavi
KA_Uttara Kannada,KA_Haveri
KA_Uttara Kannada,GA_Goa
KL_Kozhikode,KL_Kannur
KL_Kozhikode,PY_Mahe
KL_Kannur,KA_Kodagu
KL_Kannur,PY_Mahe
KL_Kannur,KL_Kasaragod
KA_Mysuru,KA_Kodagu
KA_Mysuru,KA_Mandya
KA_Mysuru,KA_Hassan
KA_Kodagu,KL_Kasaragod
KA_Kodagu,KA_Dakshina Kannada
KA_Kodagu,KA_Hassan
KL_Kasaragod,KA_Dakshina Kannada
KA_Dakshina Kannada,KA_Chikkamagaluru
KA_Dakshina Kannada,KA_Udupi
KA_Dakshina Kannada,KA_Hassan
KA_Mandya,KA_Ramanagara
KA_Mandya,KA_Tumakuru
KA_Mandya,KA_Hassan
KA_Ramanagara,KA_Bengaluru Urban
KA_Ramanagara,KA_Tumakuru
KA_Ramanagara,KA_Bengaluru Rural
KA_Hassan,KA_Chikkamagaluru
KA_Hassan,KA_Tumakuru
KA_Udupi,KA_Chikkamagaluru
KA_Udupi,KA_Shivamogga
KA_Chikkamagaluru,KA_Shivamogga
KA_Chikkamagaluru,KA_Tumakuru
KA_Chikkamagaluru,KA_Davanagere
KA_Chikkamagaluru,KA_Chitradurga
KA_Shivamogga,KA_Haveri
KA_Shivamogga,KA_Davanagere
KA_Bengaluru Rural,KA_Bengaluru Urban
KA_Bengaluru Rural,KA_Kolar
KA_Bengaluru Rural,KA_Tumakuru
KA_Bengaluru Rural,KA_Chikkaballapura
KA_Kolar,KA_Chikkaballapura
KA_Tumakuru,KA_Chikkaballapura
KA_Tumakuru,AP_Anantapur
KA_Tumakuru,KA_Chitradurga
KA_Chikkaballapura,AP_Anantapur
KA_Chitradurga,KA_Ballari
KA_Chitradurga,KA_Davanagere
KA_Chitradurga,AP_Anantapur
KA_Davanagere,KA_Ballari
KA_Davanagere,KA_Haveri
KA_Ballari,KA_Raichur
KA_Ballari,KA_Gadag
KA_Ballari,AP_Kurnool
KA_Ballari,KA_Koppal
KA_Ballari,KA_Haveri
KA_Ballari,AP_Anantapur
AP_Anantapur,AP_Kurnool
AP_Anantapur,AP_Y.S.R. Kadapa
KA_Bagalkote,KA_Vijayapura
KA_Bagalkote,KA_Gadag
KA_Bagalkote,KA_Raichur
KA_Bagalkote,KA_Koppal
KA_Bagalkote,KA_Belagavi
KA_Dharwad,KA_Gadag
KA_Dharwad,KA_Haveri
KA_Dharwad,KA_Belagavi
KA_Gadag,KA_Haveri
KA_Gadag,KA_Koppal
KA_Gadag,KA_Belagavi
KA_Koppal,KA_Raichur
KA_Raichur,KA_Yadgir
KA_Raichur,AP_Kurnool
KA_Raichur,KA_Vijayapura
KA_Raichur,TG_Telangana
KA_Yadgir,KA_Vijayapura
KA_Yadgir,TG_Telangana
AP_Kurnool,AP_Prakasam
AP_Kurnool,AP_Y.S.R. Kadapa
AP_Kurnool,TG_Telangana
AP_West Godavari,AP_Krishna
AP_West Godavari,TG_Telangana
AP_Krishna,AP_Guntur
AP_Krishna,TG_Telangana
AP_Guntur,AP_Prakasam
AP_Guntur,TG_Telangana
AP_Prakasam,AP_S.P.S. Nellore
AP_Prakasam,AP_Y.S.R. Kadapa
AP_Prakasam,TG_Telangana
ML_West Garo Hills,ML_South Garo Hills
ML_West Garo Hills,ML_South West Garo Hills
ML_West Garo Hills,ML_East Garo Hills
NL_Dimapur,NL_Kohima
NL_Dimapur,NL_Peren
NL_Peren,NL_Kohima
ML_West Jaintia Hills,ML_East Khasi Hills
ML_West Jaintia Hills,ML_East Jaintia Hills
MZ_Aizawl,MZ_Mamit
MZ_Aizawl,MZ_Kolasib
MZ_Aizawl,MZ_Champhai
MZ_Aizawl,MZ_Lunglei
MZ_Aizawl,MZ_Serchhip
MZ_Kolasib,MZ_Mamit
MZ_Mamit,MZ_Lunglei
MZ_Mamit,TR_North Tripura
TR_North Tripura,TR_Dhalai
TR_North Tripura,TR_Unokoti
AR_West Kameng,AR_Pakke Kessang
AR_West Kameng,AR_Tawang
AR_West Kameng,AR_East Kameng
AR_Pakke Kessang,AR_Papum Pare
AR_Pakke Kessang,AR_East Kameng
NL_Kohima,NL_Wokha
NL_Kohima,NL_Phek
NL_Kohima,NL_Zunheboto
NL_Wokha,NL_Mokokchung
NL_Wokha,NL_Zunheboto
NL_Mokokchung,NL_Longleng
NL_Mokokchung,NL_Tuensang
NL_Mokokchung,NL_Zunheboto
AS_Dibrugarh,AR_Longding
AS_Dibrugarh,AR_Tirap
AR_Papum Pare,AR_Kurung Kumey
AR_Papum Pare,AR_Kamle
AR_Papum Pare,AR_Kra Daadi
AR_Papum Pare,AR_Lower Subansiri
AR_Papum Pare,AR_East Kameng
AR_Kamle,AR_Kra Daadi
AR_Kamle,AR_Lower Subansiri
AR_Kamle,AR_Upper Subansiri
AR_Kamle,AR_Lower Siang
AR_East Siang,AR_Upper Siang
AR_East Siang,AR_Lower Siang
AR_East Siang,AR_Siang
AR_East Siang,AR_Lower Dibang Valley
AR_Lower Dibang Valley,AR_Upper Siang
AR_Lower Dibang Valley,AR_Upper Dibang Valley
AR_Lower Dibang Valley,AR_Lohit
AR_Lower Siang,AR_West Siang
AR_Lower Siang,AR_Lepa Rada
AR_Lower Siang,AR_Siang
AR_Lower Siang,AR_Upper Subansiri
AR_Changlang,AR_Anjaw
AR_Changlang,AR_Lohit
AR_Changlang,AR_Tirap
AR_Changlang,AR_Namsai
AR_Lohit,AR_Anjaw
AR_Lohit,AR_Namsai
AR_Tirap,AR_Longding
AR_Longding,NL_Mon
NL_Mon,NL_Longleng
NL_Mon,NL_Tuensang
NL_Longleng,NL_Tuensang
TR_Dhalai,TR_Unokoti
TR_Dhalai,TR_Khowai
TR_Dhalai,TR_Gomati
TR_Gomati,TR_South Tripura
TR_Gomati,TR_Khowai
TR_Gomati,TR_Sipahijala
TR_Khowai,TR_West Tripura
TR_Khowai,TR_Sipahijala
TR_West Tripura,TR_Sipahijala
TR_Sipahijala,TR_South Tripura
AR_East Kameng,AR_Tawang
AR_East Kameng,AR_Kurung Kumey
AR_Kurung Kumey,AR_Kra Daadi
AR_Kurung Kumey,AR_Upper Subansiri
AR_Lower Subansiri,AR_Kra Daadi
AR_Kra Daadi,AR_Upper Subansiri
AR_Upper Subansiri,AR_Lepa Rada
AR_Upper Subansiri,AR_Shi Yomi
AR_Upper Subansiri,AR_West Siang
AR_West Siang,AR_Lepa Rada
AR_West Siang,AR_Shi Yomi
AR_West Siang,AR_Siang
AR_Shi Yomi,AR_Upper Siang
AR_Shi Yomi,AR_Siang
AR_Siang,AR_Upper Siang
AR_Upper Siang,AR_Upper Dibang Valley
ML_East Garo Hills,ML_South Garo Hills
ML_South Garo Hills,ML_South West Khasi Hills
ML_South West Khasi Hills,ML_East Khasi Hills
NL_Phek,NL_Kiphire
NL_Phek,NL_Zunheboto
NL_Zunheboto,NL_Kiphire
NL_Zunheboto,NL_Tuensang
NL_Kiphire,NL_Tuensang
MZ_Lawngtlai,MZ_Lunglei
MZ_Lawngtlai,MZ_Saiha
MZ_Lunglei,MZ_Serchhip
MZ_Serchhip,MZ_Champhai
WB_South 24 Parganas,WB_Kolkata
GJ_Gir Somnath,DN_Diu
KA_Vijayapura,KA_Belagavi
KA_Belagavi,GA_Goa
